{"2019-01": {"frequencies": ["none", "none"], "statistics": {"mean": [4005.7619178270115, -1], "mode": [4196, -1], "median": [4039.0, -1], "variance": [190760.65779173287, -1], "n_tot": [303831, 303831], "non_zeroes": [29158, 0], "zeroes": [274673, 303831]}, "box_plot": {"min": [1098, -1], "quartile_010": [3490, -1], "quartile_025": [3764, -1], "median": [4039.0, -1], "quartile_075": [4274, -1], "quartile_090": [4431, -1], "max": [7333, -1]}}, "2019-02": {"frequencies": ["none", "none"], "statistics": {"mean": [3726.47472503526, 3848.91452003131], "mode": [3568, 3764], "median": [3686, 3803.0], "variance": [165994.1752594665, 130300.85350320667], "n_tot": [274428, 274428], "non_zeroes": [165203, 56212], "zeroes": [109225, 218216]}, "box_plot": {"min": [2431, 2823], "quartile_010": [3254, 3411], "quartile_025": [3450, 3607], "median": [3686, 3803.0], "quartile_075": [4000, 4156], "quartile_090": [4274, 4313], "max": [5411, 5411]}}, "2019-03": {"frequencies": ["none", "none"], "statistics": {"mean": [3811.5747275821486, 3835.179283067053], "mode": [3882, 3764], "median": [3803.0, 3803], "variance": [109632.70839697702, 109609.9132119262], "n_tot": [303831, 303831], "non_zeroes": [236218, 160545], "zeroes": [67613, 143286]}, "box_plot": {"min": [2431, 2941], "quartile_010": [3411, 3411], "quartile_025": [3568, 3568], "median": [3803.0, 3803], "quartile_075": [4039, 4078], "quartile_090": [4235, 4274], "max": [5411, 5333]}}, "2019-04": {"frequencies": ["none", "none"], "statistics": {"mean": [3743.0028763086193, 3755.970902249341], "mode": [3607, 3607], "median": [3725, 3764], "variance": [91527.32350983904, 81287.10175640823], "n_tot": [294030, 294030], "non_zeroes": [197823, 155201], "zeroes": [96207, 138829]}, "box_plot": {"min": [2078, 2705], "quartile_010": [3372, 3411], "quartile_025": [3529, 3568], "median": [3725, 3764], "quartile_075": [3960, 3960], "quartile_090": [4117, 4117], "max": [4901, 4901]}}, "2019-05": {"frequencies": ["none", "none"], "statistics": {"mean": [3322.031690493379, 3344.464066637313], "mode": [3450, 3450], "median": [3333, 3372], "variance": [52890.49435856382, 41338.38348157325], "n_tot": [303831, 303831], "non_zeroes": [189773, 165793], "zeroes": [114058, 138038]}, "box_plot": {"min": [1882, 2392], "quartile_010": [3058, 3058], "quartile_025": [3176, 3215], "median": [3333, 3372], "quartile_075": [3490, 3490], "quartile_090": [3568, 3607], "max": [4196, 4196]}}, "2019-06": {"frequencies": ["none", "none"], "statistics": {"mean": [3125.052177888069, 3133.8755431964933], "mode": [3254, 3254], "median": [3176.0, 3176], "variance": [85674.02542369525, 76440.37990457396], "n_tot": [294030, 294030], "non_zeroes": [122504, 106085], "zeroes": [171526, 187945]}, "box_plot": {"min": [1019, 1019], "quartile_010": [2745, 2784], "quartile_025": [2941, 2980], "median": [3176.0, 3176], "quartile_075": [3333, 3333], "quartile_090": [3450, 3450], "max": [4117, 4117]}}, "2019-07": {"frequencies": ["none", "none"], "statistics": {"mean": [3251.6501912469857, 3211.474376610059], "mode": [3333, 2823], "median": [3176.0, 3137], "variance": [359550.26300526434, 294208.64970234194], "n_tot": [303831, 303831], "non_zeroes": [144316, 119949], "zeroes": [159515, 183882]}, "box_plot": {"min": [1176, 1882], "quartile_010": [2666, 2666], "quartile_025": [2862, 2823], "median": [3176.0, 3137], "quartile_075": [3450, 3450], "quartile_090": [3882, 3843], "max": [7254, 7254]}}, "2019-08": {"frequencies": ["none", "none"], "statistics": {"mean": [4258.551647440937, 4279.748067029923], "mode": [3921, 3921], "median": [4117, 4156.0], "variance": [584112.9560030476, 575836.7781463058], "n_tot": [303831, 303831], "non_zeroes": [164103, 131404], "zeroes": [139728, 172427]}, "box_plot": {"min": [1529, 2588], "quartile_010": [3450, 3450], "quartile_025": [3725, 3725], "median": [4117, 4156.0], "quartile_075": [4627, 4666], "quartile_090": [5333, 5411], "max": [7176, 7176]}}, "2019-09": {"frequencies": ["none", "none"], "statistics": {"mean": [3282.2481619779965, 3280.981679236468], "mode": [3215, 3176], "median": [3254.0, 3254.0], "variance": [92780.98478539306, 80495.7085124342], "n_tot": [294030, 294030], "non_zeroes": [189606, 149830], "zeroes": [104424, 144200]}, "box_plot": {"min": [1647, 1647], "quartile_010": [2941, 2941], "quartile_025": [3098, 3098], "median": [3254.0, 3254.0], "quartile_075": [3490, 3450], "quartile_090": [3686, 3647], "max": [4980, 4627]}}, "2019-10": {"frequencies": ["none", "none"], "statistics": {"mean": [3157.221615921447, 3148.4829410958278], "mode": [3058, 3058], "median": [3137, 3137], "variance": [90972.01163645243, 61227.4406923205], "n_tot": [303831, 303831], "non_zeroes": [201037, 109415], "zeroes": [102794, 194416]}, "box_plot": {"min": [0, 627], "quartile_010": [2823, 2862], "quartile_025": [2980, 2980], "median": [3137, 3137], "quartile_075": [3333, 3294], "quartile_090": [3568, 3490], "max": [4745, 4588]}}, "2019-11": {"frequencies": ["none", "none"], "statistics": {"mean": [3317.0799079606786, -1], "mode": [3372, -1], "median": [3294.0, -1], "variance": [98669.34777754282, -1], "n_tot": [294030, 294030], "non_zeroes": [83008, 0], "zeroes": [211022, 294030]}, "box_plot": {"min": [2235, -1], "quartile_010": [2941, -1], "quartile_025": [3137, -1], "median": [3294.0, -1], "quartile_075": [3490, -1], "quartile_090": [3725, -1], "max": [5137, -1]}}, "2019-12": {"frequencies": ["none", "none"], "statistics": {"mean": [-1, -1], "mode": [-1, -1], "median": [-1, -1], "variance": [-1, -1], "n_tot": [303831, 303831], "non_zeroes": [0, 0], "zeroes": [303831, 303831]}, "box_plot": {"min": [-1, -1], "quartile_010": [-1, -1], "quartile_025": [-1, -1], "median": [-1, -1], "quartile_075": [-1, -1], "quartile_090": [-1, -1], "max": [-1, -1]}}, "2020-01": {"frequencies": ["none", "none"], "statistics": {"mean": [3783.6942350452846, -1], "mode": [3686, -1], "median": [3764.0, -1], "variance": [125863.71684774713, -1], "n_tot": [303831, 303831], "non_zeroes": [36878, 0], "zeroes": [266953, 303831]}, "box_plot": {"min": [2549, -1], "quartile_010": [3372, -1], "quartile_025": [3568, -1], "median": [3764.0, -1], "quartile_075": [4000, -1], "quartile_090": [4235, -1], "max": [4980, -1]}}, "2020-02": {"frequencies": ["none", "none"], "statistics": {"mean": [3812.250472262521, 3941.86047189547], "mode": [3764, 3764], "median": [3764, 3882.0], "variance": [120201.07468250502, 108919.67062194238], "n_tot": [284229, 284229], "non_zeroes": [228157, 58318], "zeroes": [56072, 225911]}, "box_plot": {"min": [2509, 2509], "quartile_010": [3411, 3568], "quartile_025": [3568, 3725], "median": [3764, 3882.0], "quartile_075": [4039, 4117], "quartile_090": [4274, 4431], "max": [5921, 5098]}}, "2020-03": {"frequencies": ["none", "none"], "statistics": {"mean": [4025.630091931453, 3998.042606440719], "mode": [4078, 3803], "median": [4000.0, 3960.0], "variance": [139419.4118221257, 115036.66114916222], "n_tot": [303831, 303831], "non_zeroes": [224080, 99492], "zeroes": [79751, 204339]}, "box_plot": {"min": [2784, 2901], "quartile_010": [3607, 3607], "quartile_025": [3764, 3764], "median": [4000.0, 3960.0], "quartile_075": [4196, 4196], "quartile_090": [4549, 4431], "max": [5411, 5372]}}, "2020-04": {"frequencies": ["none", "none"], "statistics": {"mean": [3798.6461154239632, 3830.3794335220873], "mode": [3803, 3843], "median": [3803.0, 3803], "variance": [94404.8538312672, 92458.46755300934], "n_tot": [294030, 294030], "non_zeroes": [232638, 185603], "zeroes": [61392, 108427]}, "box_plot": {"min": [2549, 2862], "quartile_010": [3411, 3450], "quartile_025": [3607, 3647], "median": [3803.0, 3803], "quartile_075": [3960, 4000], "quartile_090": [4156, 4196], "max": [5215, 5058]}}, "2020-05": {"frequencies": ["none", "none"], "statistics": {"mean": [3574.0088755989395, 3597.015234320113], "mode": [3607, 3607], "median": [3568.0, 3568], "variance": [124376.07216890925, 117262.85817643322], "n_tot": [303831, 303831], "non_zeroes": [168214, 135221],