{"2019-01": {"frequencies": ["none", "none"], "statistics": {"mean": [-1, -1], "mode": [-1, -1], "median": [-1, -1], "variance": [-1, -1], "n_tot": [24304, 24304], "non_zeroes": [0, 0], "zeroes": [24304, 24304]}, "box_plot": {"min": [-1, -1], "quartile_010": [-1, -1], "quartile_025": [-1, -1], "median": [-1, -1], "quartile_075": [-1, -1], "quartile_090": [-1, -1], "max": [-1, -1]}}, "2019-02": {"frequencies": ["none", "none"], "statistics": {"mean": [-1, -1], "mode": [-1, -1], "median": [-1, -1], "variance": [-1, -1], "n_tot": [21952, 21952], "non_zeroes": [0, 0], "zeroes": [21952, 21952]}, "box_plot": {"min": [-1, -1], "quartile_010": [-1, -1], "quartile_025": [-1, -1], "median": [-1, -1], "quartile_075": [-1, -1], "quartile_090": [-1, -1], "max": [-1, -1]}}, "2019-03": {"frequencies": ["none", "none"], "statistics": {"mean": [6206.969960474308, -1], "mode": [6431, -1], "median": [6431, -1], "variance": [511429.2047931155, -1], "n_tot": [24304, 24304], "non_zeroes": [1265, 0], "zeroes": [23039, 24304]}, "box_plot": {"min": [3803, -1], "quartile_010": [5294, -1], "quartile_025": [5490, -1], "median": [6431, -1], "quartile_075": [6549, -1], "quartile_090": [6980, -1], "max": [7764, -1]}}, "2019-04": {"frequencies": ["none", "none"], "statistics": {"mean": [5445.8956743002545, 5393.27027027027], "mode": [5215, 5215], "median": [5529.0, 5215.0], "variance": [231330.73814686958, 44854.994446501296], "n_tot": [23520, 23520], "non_zeroes": [786, 74], "zeroes": [22734, 23446]}, "box_plot": {"min": [2745, 5215], "quartile_010": [5098, 5215], "quartile_025": [5254, 5215], "median": [5529.0, 5215.0], "quartile_075": [5764, 5647], "quartile_090": [5803, 5647], "max": [5960, 5764]}}, "2019-05": {"frequencies": ["none", "none"], "statistics": {"mean": [6159.972307692307, 6321.310344827586], "mode": [6156, 6274], "median": [6196.0, 6274], "variance": [117780.77889297143, 7285.793103448275], "n_tot": [24304, 24304], "non_zeroes": [650, 29], "zeroes": [23654, 24275]}, "box_plot": {"min": [4509, 6274], "quartile_010": [6000, 6274], "quartile_025": [6117, 6274], "median": [6196.0, 6274], "quartile_075": [6352, 6274], "quartile_090": [6431, 6470], "max": [6549, 6470]}}, "2019-06": {"frequencies": ["none", "none"], "statistics": {"mean": [4974.649842271293, -1], "mode": [4627, -1], "median": [5058, -1], "variance": [444623.734596494, -1], "n_tot": [23520, 23520], "non_zeroes": [317, 0], "zeroes": [23203, 23520]}, "box_plot": {"min": [2980, -1], "quartile_010": [4627, -1], "quartile_025": [4627, -1], "median": [5058, -1], "quartile_075": [5647, -1], "quartile_090": [5647, -1], "max": [5647, -1]}}, "2019-07": {"frequencies": ["none", "none"], "statistics": {"mean": [5851.459518599562, -1], "mode": [6352, -1], "median": [6000, -1], "variance": [178352.12609889056, -1], "n_tot": [24304, 24304], "non_zeroes": [457, 0], "zeroes": [23847, 24304]}, "box_plot": {"min": [4980, -1], "quartile_010": [5294, -1], "quartile_025": [5764, -1], "median": [6000, -1], "quartile_075": [6117, -1], "quartile_090": [6352, -1], "max": [6352, -1]}}, "2019-08": {"frequencies": ["none", "none"], "statistics": {"mean": [-1, -1], "mode": [-1, -1], "median": [-1, -1], "variance": [-1, -1], "n_tot": [24304, 24304], "non_zeroes": [0, 0], "zeroes": [24304, 24304]}, "box_plot": {"min": [-1, -1], "quartile_010": [-1, -1], "quartile_025": [-1, -1], "median": [-1, -1], "quartile_075": [-1, -1], "quartile_090": [-1, -1], "max": [-1, -1]}}, "2019-09": {"frequencies": ["none", "none"], "statistics": {"mean": [-1, -1], "mode": [-1, -1], "median": [-1, -1], "variance": [-1, -1], "n_tot": [23520, 23520], "non_zeroes": [0, 0], "zeroes": [23520, 23520]}, "box_plot": {"min": [-1, -1], "quartile_010": [-1, -1], "quartile_025": [-1, -1], "median": [-1, -1], "quartile_075": [-1, -1], "quartile_090": [-1, -1], "max": [-1, -1]}}, "2019-10": {"frequencies": ["none", "none"], "statistics": {"mean": [-1, -1], "mode": [-1, -1], "median": [-1, -1], "variance": [-1, -1], "n_tot": [24304, 24304], "non_zeroes": [0, 0], "zeroes": [24304, 24304]}, "box_plot": {"min": [-1, -1], "quartile_010": [-1, -1], "quartile_025": [-1, -1], "median": [-1, -1], "quartile_075": [-1, -1], "quartile_090": [-1, -1], "max": [-1, -1]}}, "2019-11": {"frequencies": ["none", "none"], "statistics": {"mean": [-1, -1], "mode": [-1, -1], "median": [-1, -1], "variance": [-1, -1], "n_tot": [23520, 23520], "non_zeroes": [0, 0], "zeroes": [23520, 23520]}, "box_plot": {"min": [-1, -1], "quartile_010": [-1, -1], "quartile_025": [-1, -1], "median": [-1, -1], "quartile_075": [-1, -1], "quartile_090": [-1, -1], "max": [-1, -1]}}, "2019-12": {"frequencies": ["none", "none"], "statistics": {"mean": [-1, -1], "mode": [-1, -1], "median": [-1, -1], "variance": [-1, -1], "n_tot": [24304, 24304], "non_zeroes": [0, 0], "zeroes": [24304, 24304]}, "box_plot": {"min": [-1, -1], "quartile_010": [-1, -1], "quartile_025": [-1, -1], "median": [-1, -1], "quartile_075": [-1, -1], "quartile_090": [-1, -1], "max": [-1, -1]}}, "2020-01": {"frequencies": ["none", "none"], "statistics": {"mean": [-1, -1], "mode": [-1, -1], "median": [-1, -1], "variance": [-1, -1], "n_tot": [24304, 24304], "non_zeroes": [0, 0], "zeroes": [24304, 24304]}, "box_plot": {"min": [-1, -1], "quartile_010": [-1, -1], "quartile_025": [-1, -1], "median": [-1, -1], "quartile_075": [-1, -1], "quartile_090": [-1, -1], "max": [-1, -1]}}, "2020-02": {"frequencies": ["none", "none"], "statistics": {"mean": [-1, -1], "mode": [-1, -1], "median": [-1, -1], "variance": [-1, -1], "n_tot": [22736, 22736], "non_zeroes": [0, 0], "zeroes": [22736, 22736]}, "box_plot": {"min": [-1, -1], "quartile_010": [-1, -1], "quartile_025": [-1, -1], "median": [-1, -1], "quartile_075": [-1, -1], "quartile_090": [-1, -1], "max": [-1, -1]}}, "2020-03": {"frequencies": ["none", "none"], "statistics": {"mean": [5465.884615384615, -1], "mode": [5450, -1], "median": [5450.0, -1], "variance": [1653.868778280543, -1], "n_tot": [24304, 24304], "non_zeroes": [52, 0], "zeroes": [24252, 24304]}, "box_plot": {"min": [5450, -1], "quartile_010": [5450, -1], "quartile_025": [5450, -1], "median": [5450.0, -1], "quartile_075": [5450, -1], "quartile_090": [5568, -1], "max": [5568, -1]}}, "2020-04": {"frequencies": ["none", "none"], "statistics": {"mean": [5705.321100917431, -1], "mode": [5686, -1], "median": [5686, -1], "variance": [1059.7385321100917, -1], "n_tot": [23520, 23520], "non_zeroes": [109, 0], "zeroes": [23411, 23520]}, "box_plot": {"min": [5686, -1], "quartile_010": [5686, -1], "quartile_025": [5686, -1], "median": [5686, -1], "quartile_075": [5725, -1], "quartile_090": [5764, -1], "max": [5764, -1]}}, "2020-05": {"frequencies": ["none", "none"], "statistics": {"mean": [3496.6815227483753, -1], "mode": [3098, -1], "median": [3372, -1], "variance": [153072.3863961921, -1], "n_tot": [24304, 24304], "non_zeroes": [1077, 0], "zeroes": [23227, 24304]}, "box_plot": {"min": [2941, -1], "quartile_010": [3058, -1], "quartile_025": [3098, -1], "median": [3372, -1], "quartile_075": [3725, -1], "quartile_090": [4196, -1], "max": [4313, -1]}}, "2020-06": {"frequencies": ["none", "none"], "statistics": {"mean": [4774.259500542888, -1], "mode": [4627, -1], "median": [4862, -1], "variance": [942891.1358471416, -1], "n_tot": [23520, 23520], "non_zeroes": [921, 0], "zeroes": [22599, 23520]}, "box_plot": {"min": [2470, -1], "quartile_010": [2941, -1], "quartile_025": [4627, -1], "median": [4862, -1], "quartile_075": [5647, -1], "quartile_090": [5960, -1], "max": [6117, -1]}}, "2020-07": {"frequencies": ["none", "none"], "statistics": {"mean": [6269.539726027398, -1], "mode": [5803, -1], "median": [6392, -1], "variance": [102501.12822519946, -1], "n_tot": [24304, 24304], "non_zeroes": [365, 0], "zeroes": [23939, 24304]}, "box_plot": {"min": [5803, -1], "quartile_010": [5803, -1], "quartile_025": [5803, -1], "median": [6392, -1], "quartile_075": [6588, -1], "quartile_090": [6588, -1], "max": [6588, -1]}}, "2020-08": {"frequencies": ["none", "none"],