{"2019-01": {"frequencies": ["none", "none"], "statistics": {"mean": [588.9161603888214, -1], "mode": [0, -1], "median": [0.0, -1], "variance": [2578319.209803844, -1], "n_tot": [303831, 303831], "non_zeroes": [49380, 0], "zeroes": [254451, 303831]}, "box_plot": {"min": [0, -1], "quartile_010": [0, -1], "quartile_025": [0, -1], "median": [0.0, -1], "quartile_075": [0, -1], "quartile_090": [2039, -1], "max": [10000, -1]}}, "2019-02": {"frequencies": ["none", "none"], "statistics": {"mean": [409.8165952416137, 408.72179285767004], "mode": [0, 0], "median": [0.0, 0], "variance": [1382093.5289366895, 764503.3037602153], "n_tot": [274428, 274428], "non_zeroes": [270680, 94843], "zeroes": [3748, 179585]}, "box_plot": {"min": [0, 0], "quartile_010": [0, 0], "quartile_025": [0, 0], "median": [0.0, 0], "quartile_075": [196, 470], "quartile_090": [1254, 1372], "max": [10000, 10000]}}, "2019-03": {"frequencies": ["none", "none"], "statistics": {"mean": [190.34460933874425, 170.0509302599203], "mode": [0, 0], "median": [0, 0], "variance": [95019.70801885398, 74845.13101430482], "n_tot": [303831, 303831], "non_zeroes": [303831, 195483], "zeroes": [0, 108348]}, "box_plot": {"min": [0, 0], "quartile_010": [0, 0], "quartile_025": [0, 0], "median": [0, 0], "quartile_075": [274, 235], "quartile_090": [588, 549], "max": [2980, 2117]}}, "2019-04": {"frequencies": ["none", "none"], "statistics": {"mean": [85.03525901632652, 84.3552647763663], "mode": [0, 0], "median": [0, 0], "variance": [24337.483110640864, 22908.03504511968], "n_tot": [294030, 294030], "non_zeroes": [293939, 235765], "zeroes": [91, 58265]}, "box_plot": {"min": [0, 0], "quartile_010": [0, 0], "quartile_025": [0, 0], "median": [0, 0], "quartile_075": [117, 117], "quartile_090": [274, 274], "max": [1921, 1764]}}, "2019-05": {"frequencies": ["none", "none"], "statistics": {"mean": [87.35904170410524, 97.95871685952834], "mode": [0, 0], "median": [0, 0], "variance": [23040.45952295225, 27900.54856111061], "n_tot": [303831, 303831], "non_zeroes": [303831, 170675], "zeroes": [0, 133156]}, "box_plot": {"min": [0, 0], "quartile_010": [0, 0], "quartile_025": [0, 0], "median": [0, 0], "quartile_075": [117, 156], "quartile_090": [274, 313], "max": [1882, 1882]}}, "2019-06": {"frequencies": ["none", "none"], "statistics": {"mean": [583.3248954188348, 249.68492716009624], "mode": [0, 0], "median": [39.0, 39.0], "variance": [3207811.809318351, 571951.7876273363], "n_tot": [294030, 294030], "non_zeroes": [294030, 211148], "zeroes": [0, 82882]}, "box_plot": {"min": [0, 0], "quartile_010": [0, 0], "quartile_025": [0, 0], "median": [39.0, 39.0], "quartile_075": [313, 274], "quartile_090": [941, 549], "max": [10000, 10000]}}, "2019-07": {"frequencies": ["none", "none"], "statistics": {"mean": [500.2775292843719, 194.03786507932222], "mode": [0, 0], "median": [0, 0], "variance": [3187525.734799643, 171833.76617817636], "n_tot": [303831, 303831], "non_zeroes": [303831, 185131], "zeroes": [0, 118700]}, "box_plot": {"min": [0, 0], "quartile_010": [0, 0], "quartile_025": [0, 0], "median": [0, 0], "quartile_075": [235, 274], "quartile_090": [705, 588], "max": [10000, 10000]}}, "2019-08": {"frequencies": ["none", "none"], "statistics": {"mean": [174.4954004035138, 164.5277582763627], "mode": [0, 0], "median": [0, 0], "variance": [123445.43366791318, 69907.44013580635], "n_tot": [303831, 303831], "non_zeroes": [303831, 146713], "zeroes": [0, 157118]}, "box_plot": {"min": [0, 0], "quartile_010": [0, 0], "quartile_025": [0, 0], "median": [0, 0], "quartile_075": [235, 235], "quartile_090": [509, 509], "max": [7176, 2039]}}, "2019-09": {"frequencies": ["none", "none"], "statistics": {"mean": [274.4798496547502, 249.37982886101187], "mode": [0, 0], "median": [39.0, 39], "variance": [276868.0216611144, 146825.68976541294], "n_tot": [294030, 294030], "non_zeroes": [293990, 156481], "zeroes": [40, 137549]}, "box_plot": {"min": [0, 0], "quartile_010": [0, 0], "quartile_025": [0, 0], "median": [39.0, 39], "quartile_075": [352, 392], "quartile_090": [784, 745], "max": [8431, 4196]}}, "2019-10": {"frequencies": ["none", "none"], "statistics": {"mean": [718.0308329301487, 508.35485322106234], "mode": [0, 0], "median": [0, 0], "variance": [2836065.1340261237, 883960.2718676669], "n_tot": [303831, 303831], "non_zeroes": [303831, 86695], "zeroes": [0, 217136]}, "box_plot": {"min": [0, 0], "quartile_010": [0, 0], "quartile_025": [0, 0], "median": [0, 0], "quartile_075": [705, 705], "quartile_090": [1843, 1568], "max": [10000, 10000]}}, "2019-11": {"frequencies": ["none", "none"], "statistics": {"mean": [1038.6482029517838, -1], "mode": [0, -1], "median": [0, -1], "variance": [4366142.66228364, -1], "n_tot": [294030, 294030], "non_zeroes": [105089, 0], "zeroes": [188941, 294030]}, "box_plot": {"min": [0, -1], "quartile_010": [0, -1], "quartile_025": [0, -1], "median": [0, -1], "quartile_075": [1098, -1], "quartile_090": [3607, -1], "max": [10000, -1]}}, "2019-12": {"frequencies": ["none", "none"], "statistics": {"mean": [-1, -1], "mode": [-1, -1], "median": [-1, -1], "variance": [-1, -1], "n_tot": [303831, 303831], "non_zeroes": [0, 0], "zeroes": [303831, 303831]}, "box_plot": {"min": [-1, -1], "quartile_010": [-1, -1], "quartile_025": [-1, -1], "median": [-1, -1], "quartile_075": [-1, -1], "quartile_090": [-1, -1], "max": [-1, -1]}}, "2020-01": {"frequencies": ["none", "none"], "statistics": {"mean": [1374.7183543599672, -1], "mode": [0, -1], "median": [0, -1], "variance": [8803782.105133938, -1], "n_tot": [303831, 303831], "non_zeroes": [44943, 0], "zeroes": [258888, 303831]}, "box_plot": {"min": [0, -1], "quartile_010": [0, -1], "quartile_025": [0, -1], "median": [0, -1], "quartile_075": [0, -1], "quartile_090": [6627, -1], "max": [10000, -1]}}, "2020-02": {"frequencies": ["none", "none"], "statistics": {"mean": [553.2657892051832, 418.5599761807287], "mode": [0, 0], "median": [0, 0.0], "variance": [2243225.423666755, 682340.2706340408], "n_tot": [284229, 284229], "non_zeroes": [284229, 107476], "zeroes": [0, 176753]}, "box_plot": {"min": [0, 0], "quartile_010": [0, 0], "quartile_025": [0, 0], "median": [0, 0.0], "quartile_075": [352, 549], "quartile_090": [1568, 1372], "max": [10000, 10000]}}, "2020-03": {"frequencies": ["none", "none"], "statistics": {"mean": [144.76256537351355, 122.51125424789205], "mode": [0, 0], "median": [0, 0], "variance": [67261.95126704422, 36645.43092919335], "n_tot": [303831, 303831], "non_zeroes": [303831, 210987], "zeroes": [0, 92844]}, "box_plot": {"min": [0, 0], "quartile_010": [0, 0], "quartile_025": [0, 0], "median": [0, 0], "quartile_075": [196, 196], "quartile_090": [431, 392], "max": [4392, 3568]}}, "2020-04": {"frequencies": ["none", "none"], "statistics": {"mean": [73.76343230282625, 79.57595387968792], "mode": [0, 0], "median": [0.0, 0], "variance": [13472.802603906826, 15472.535610173964], "n_tot": [294030, 294030], "non_zeroes": [294030, 147267], "zeroes": [0, 146763]}, "box_plot": {"min": [0, 0], "quartile_010": [0, 0], "quartile_025": [0, 0], "median": [0.0, 0], "quartile_075": [117, 117], "quartile_090": [235, 235], "max": [1254, 1254]}}, "2020-05": {"frequencies": ["none", "none"], "statistics": {"mean": [100.2123351468415, 116.709847750321], "mode": [0, 0], "median": [0, 0.0], "variance": [44126.034589771705, 48402.284396643554], "n_tot": [303831, 303831], "non_zeroes": [303831, 152644], "zeroes": [0, 151187]}, "box_plot": {"min": [0, 0], "quartile_010": [0, 0], "quartile_025": [0, 0], "median": [0, 0.0], "quartile_075": [117, 156], "quartile_090": [274, 352], "max": [4431, 4431]}}, "2020-06": {"frequencies": ["none", "none"], "statistics": {"mean": [127.15499438832772, 137.78106432147305], "mode": [0, 0], "median": [0.0, 0], "variance": [49215.71129868394, 52118.53569590051], "n_tot": [294030, 294030], "non_zeroes": [294030, 215931], "zeroes": [0, 78099]}, "box_plot": {"min": [0, 0], "quartile_010": [0, 0], "quartile_025": [0, 0], "median": [0.0, 0], "quartile_075": [196, 196],