{"2019-01": {"frequencies": ["none", "none"], "statistics": {"mean": [-1, -1], "mode": [-1, -1], "median": [-1, -1], "variance": [-1, -1], "n_tot": [303831, 303831], "non_zeroes": [0, 0], "zeroes": [303831, 303831]}, "box_plot": {"min": [-1, -1], "quartile_010": [-1, -1], "quartile_025": [-1, -1], "median": [-1, -1], "quartile_075": [-1, -1], "quartile_090": [-1, -1], "max": [-1, -1]}}, "2019-02": {"frequencies": ["none", "none"], "statistics": {"mean": [5450, -1], "mode": [5450, -1], "median": [5450, -1], "variance": [0, -1], "n_tot": [274428, 274428], "non_zeroes": [39, 0], "zeroes": [274389, 274428]}, "box_plot": {"min": [5450, -1], "quartile_010": [5450, -1], "quartile_025": [5450, -1], "median": [5450, -1], "quartile_075": [5450, -1], "quartile_090": [5450, -1], "max": [5450, -1]}}, "2019-03": {"frequencies": ["none", "none"], "statistics": {"mean": [6250.94335443038, 6260.1943462897525], "mode": [6156, 6235], "median": [6235.0, 6235], "variance": [156422.38203876006, 27398.137892526167], "n_tot": [303831, 303831], "non_zeroes": [3160, 849], "zeroes": [300671, 302982]}, "box_plot": {"min": [4274, 6000], "quartile_010": [6000, 6117], "quartile_025": [6156, 6196], "median": [6235.0, 6235], "quartile_075": [6470, 6274], "quartile_090": [6627, 6509], "max": [7254, 6823]}}, "2019-04": {"frequencies": ["none", "none"], "statistics": {"mean": [5594.681153694192, 6266.3], "mode": [6274, 6470], "median": [6000.0, 6470.0], "variance": [1838913.4173843237, 238250.00117820324], "n_tot": [294030, 294030], "non_zeroes": [5062, 680], "zeroes": [288968, 293350]}, "box_plot": {"min": [941, 5019], "quartile_010": [2745, 5372], "quartile_025": [5411, 6196], "median": [6000.0, 6470.0], "quartile_075": [6392, 6509], "quartile_090": [6666, 6666], "max": [7647, 6941]}}, "2019-05": {"frequencies": ["none", "none"], "statistics": {"mean": [5013.129672358099, -1], "mode": [5254, -1], "median": [5254, -1], "variance": [1491727.607831056, -1], "n_tot": [303831, 303831], "non_zeroes": [2167, 0], "zeroes": [301664, 303831]}, "box_plot": {"min": [0, -1], "quartile_010": [3568, -1], "quartile_025": [4509, -1], "median": [5254, -1], "quartile_075": [5764, -1], "quartile_090": [6352, -1], "max": [6784, -1]}}, "2019-06": {"frequencies": ["none", "none"], "statistics": {"mean": [3064.822222222222, -1], "mode": [1725, -1], "median": [2941, -1], "variance": [1645616.8396039603, -1], "n_tot": [294030, 294030], "non_zeroes": [405, 0], "zeroes": [293625, 294030]}, "box_plot": {"min": [745, -1], "quartile_010": [1725, -1], "quartile_025": [2000, -1], "median": [2941, -1], "quartile_075": [4156, -1], "quartile_090": [4313, -1], "max": [5176, -1]}}, "2019-07": {"frequencies": ["none", "none"], "statistics": {"mean": [5084.817256534814, 5686], "mode": [5450, 5686], "median": [5490, 5686], "variance": [1211692.880063087, 0], "n_tot": [303831, 303831], "non_zeroes": [4323, 39], "zeroes": [299508, 303792]}, "box_plot": {"min": [392, 5686], "quartile_010": [3333, 5686], "quartile_025": [5098, 5686], "median": [5490, 5686], "quartile_075": [5725, 5686], "quartile_090": [5921, 5686], "max": [6235, 5686]}}, "2019-08": {"frequencies": ["none", "none"], "statistics": {"mean": [5573.15823699422, 5878.5], "mode": [5450, 5686], "median": [5725.0, 5686.0], "variance": [737508.0400044079, 84087.75490196078], "n_tot": [303831, 303831], "non_zeroes": [2768, 154], "zeroes": [301063, 303677]}, "box_plot": {"min": [2117, 5607], "quartile_010": [4666, 5607], "quartile_025": [5372, 5607], "median": [5725.0, 5686.0], "quartile_075": [6078, 6039], "quartile_090": [6352, 6352], "max": [6823, 6352]}}, "2019-09": {"frequencies": ["none", "none"], "statistics": {"mean": [5828.606451612904, 6083.810924369748], "mode": [5607, 5686], "median": [6000, 6039.0], "variance": [844561.0580645162, 142512.36494344575], "n_tot": [294030, 294030], "non_zeroes": [1395, 238], "zeroes": [292635, 293792]}, "box_plot": {"min": [1882, 5607], "quartile_010": [4941, 5607], "quartile_025": [5647, 5686], "median": [6000, 6039.0], "quartile_075": [6313, 6235], "quartile_090": [6745, 6784], "max": [7137, 6784]}}, "2019-10": {"frequencies": ["none", "none"], "statistics": {"mean": [6244.290322580645, -1], "mode": [6392, -1], "median": [6313.0, -1], "variance": [53702.078265468, -1], "n_tot": [303831, 303831], "non_zeroes": [62, 0], "zeroes": [303769, 303831]}, "box_plot": {"min": [5803, -1], "quartile_010": [5803, -1], "quartile_025": [6313, -1], "median": [6313.0, -1], "quartile_075": [6392, -1], "quartile_090": [6392, -1], "max": [6392, -1]}}, "2019-11": {"frequencies": ["none", "none"], "statistics": {"mean": [-1, -1], "mode": [-1, -1], "median": [-1, -1], "variance": [-1, -1], "n_tot": [294030, 294030], "non_zeroes": [0, 0], "zeroes": [294030, 294030]}, "box_plot": {"min": [-1, -1], "quartile_010": [-1, -1], "quartile_025": [-1, -1], "median": [-1, -1], "quartile_075": [-1, -1], "quartile_090": [-1, -1], "max": [-1, -1]}}, "2019-12": {"frequencies": ["none", "none"], "statistics": {"mean": [-1, -1], "mode": [-1, -1], "median": [-1, -1], "variance": [-1, -1], "n_tot": [303831, 303831], "non_zeroes": [0, 0], "zeroes": [303831, 303831]}, "box_plot": {"min": [-1, -1], "quartile_010": [-1, -1], "quartile_025": [-1, -1], "median": [-1, -1], "quartile_075": [-1, -1], "quartile_090": [-1, -1], "max": [-1, -1]}}, "2020-01": {"frequencies": ["none", "none"], "statistics": {"mean": [-1, -1], "mode": [-1, -1], "median": [-1, -1], "variance": [-1, -1], "n_tot": [303831, 303831], "non_zeroes": [0, 0], "zeroes": [303831, 303831]}, "box_plot": {"min": [-1, -1], "quartile_010": [-1, -1], "quartile_025": [-1, -1], "median": [-1, -1], "quartile_075": [-1, -1], "quartile_090": [-1, -1], "max": [-1, -1]}}, "2020-02": {"frequencies": ["none", "none"], "statistics": {"mean": [6590.293901750423, -1], "mode": [6000, -1], "median": [6588.0, -1], "variance": [228250.449321739, -1], "n_tot": [284229, 284229], "non_zeroes": [3542, 0], "zeroes": [280687, 284229]}, "box_plot": {"min": [5803, -1], "quartile_010": [5960, -1], "quartile_025": [6196, -1], "median": [6588.0, -1], "quartile_075": [6901, -1], "quartile_090": [7215, -1], "max": [8156, -1]}}, "2020-03": {"frequencies": ["none", "none"], "statistics": {"mean": [6748.007939658594, -1], "mode": [6862, -1], "median": [6862, -1], "variance": [263295.4971569527, -1], "n_tot": [303831, 303831], "non_zeroes": [2519, 0], "zeroes": [301312, 303831]}, "box_plot": {"min": [3568, -1], "quartile_010": [6470, -1], "quartile_025": [6666, -1], "median": [6862, -1], "quartile_075": [7019, -1], "quartile_090": [7137, -1], "max": [7333, -1]}}, "2020-04": {"frequencies": ["none", "none"], "statistics": {"mean": [6386.611143354614, 6466.349775784754], "mode": [6078, 6313], "median": [6431, 6509], "variance": [136375.09144369778, 27511.47170039995], "n_tot": [294030, 294030], "non_zeroes": [1723, 223], "zeroes": [292307, 293807]}, "box_plot": {"min": [5686, 6235], "quartile_010": [5921, 6235], "quartile_025": [6078, 6313], "median": [6431, 6509], "quartile_075": [6627, 6588], "quartile_090": [6901, 6705], "max": [7215, 6705]}}, "2020-05": {"frequencies": ["none", "none"], "statistics": {"mean": [5791.647783251232, 6013.867816091954], "mode": [6078, 6235], "median": [5921.0, 6078.0], "variance": [405627.08012511476, 59875.67700155686], "n_tot": [303831, 303831], "non_zeroes": [3654, 348], "zeroes": [300177, 303483]}, "box_plot": {"min": [3176, 5568], "quartile_010": [4901, 5686], "quartile_025": [5568, 5803], "median": [5921.0, 6078.0], "quartile_075": [6235, 6235], "quartile_090": [6392, 6235], "max": [6823, 6352]}}, "2020-06": {"frequencies": ["none", "none"], "statistics": {"mean": [5669.00014003641, 6195.777777777777], "mode": [6078, 6235], "median": [5921, 6235.0], "variance": [823747.6144257507, 13031.006535947712], "n_tot": [294030, 294030], "non_zeroes": [7141, 18], "zeroes": [286889, 294012]}, "box_plot": {"min": [0, 5882], "quartile_010": [4549, 6235], "quartile_025": [5450, 6235], "median": [5921, 6235.0],