{"2019-01": {"frequencies": ["none", "none"], "statistics": {"mean": [2927.4771305261233, -1], "mode": [10000, -1], "median": [1960.0, -1], "variance": [6260654.306601043, -1], "n_tot": [303831, 303831], "non_zeroes": [175168, 0], "zeroes": [128663, 303831]}, "box_plot": {"min": [0, -1], "quartile_010": [588, -1], "quartile_025": [1137, -1], "median": [1960.0, -1], "quartile_075": [4117, -1], "quartile_090": [6588, -1], "max": [10000, -1]}}, "2019-02": {"frequencies": ["none", "none"], "statistics": {"mean": [1227.7277315881647, 538.7880765883377], "mode": [549, 627], "median": [784, 588.0], "variance": [1363210.3247281467, 64244.62620783896], "n_tot": [274428, 274428], "non_zeroes": [271225, 16086], "zeroes": [3203, 258342]}, "box_plot": {"min": [0, 0], "quartile_010": [352, 117], "quartile_025": [509, 431], "median": [784, 588.0], "quartile_075": [1490, 705], "quartile_090": [2862, 823], "max": [10000, 1333]}}, "2019-03": {"frequencies": ["none", "none"], "statistics": {"mean": [385.5795196446484, 231.9185576624184], "mode": [0, 0], "median": [313, 196], "variance": [122568.78992496939, 29083.208081484216], "n_tot": [303831, 303831], "non_zeroes": [298071, 9651], "zeroes": [5760, 294180]}, "box_plot": {"min": [0, 0], "quartile_010": [0, 0], "quartile_025": [156, 78], "median": [313, 196], "quartile_075": [509, 352], "quartile_090": [823, 470], "max": [3372, 823]}}, "2019-04": {"frequencies": ["none", "none"], "statistics": {"mean": [265.03734862382066, 73.07422451994091], "mode": [0, 0], "median": [235, 39.0], "variance": [64083.063374617275, 8056.60808307037], "n_tot": [294030, 294030], "non_zeroes": [281831, 2708], "zeroes": [12199, 291322]}, "box_plot": {"min": [0, 0], "quartile_010": [0, 0], "quartile_025": [78, 0], "median": [235, 39.0], "quartile_075": [392, 117], "quartile_090": [588, 235], "max": [2000, 352]}}, "2019-05": {"frequencies": ["none", "none"], "statistics": {"mean": [363.91740801390233, 563.6172353268547], "mode": [0, 0], "median": [274.0, 509], "variance": [243102.28679981438, 239636.04506811616], "n_tot": [303831, 303831], "non_zeroes": [299230, 23359], "zeroes": [4601, 280472]}, "box_plot": {"min": [0, 0], "quartile_010": [0, 0], "quartile_025": [78, 117], "median": [274.0, 509], "quartile_075": [509, 901], "quartile_090": [784, 1254], "max": [10000, 2392]}}, "2019-06": {"frequencies": ["none", "none"], "statistics": {"mean": [679.8321494424146, 845.6527957599849], "mode": [0, 0], "median": [588.0, 784], "variance": [325838.6527664065, 400995.4350232079], "n_tot": [294030, 294030], "non_zeroes": [293946, 132075], "zeroes": [84, 161955]}, "box_plot": {"min": [0, 0], "quartile_010": [0, 0], "quartile_025": [235, 352], "median": [588.0, 784], "quartile_075": [1019, 1254], "quartile_090": [1490, 1725], "max": [3686, 3686]}}, "2019-07": {"frequencies": ["none", "none"], "statistics": {"mean": [995.368167604753, 1009.8669746256844], "mode": [0, 0], "median": [823.0, 941.0], "variance": [808471.1377554612, 525818.253509437], "n_tot": [303831, 303831], "non_zeroes": [303810, 123826], "zeroes": [21, 180005]}, "box_plot": {"min": [0, 0], "quartile_010": [156, 156], "quartile_025": [431, 509], "median": [823.0, 941.0], "quartile_075": [1294, 1372], "quartile_090": [1921, 1843], "max": [10000, 6627]}}, "2019-08": {"frequencies": ["none", "none"], "statistics": {"mean": [612.6100733064949, 759.8033717092983], "mode": [0, 0], "median": [509, 705], "variance": [289413.18914077285, 349716.2002269542], "n_tot": [303831, 303831], "non_zeroes": [303793, 66969], "zeroes": [38, 236862]}, "box_plot": {"min": [0, 0], "quartile_010": [0, 0], "quartile_025": [235, 274], "median": [509, 705], "quartile_075": [823, 1137], "quartile_090": [1294, 1568], "max": [5098, 5019]}}, "2019-09": {"frequencies": ["none", "none"], "statistics": {"mean": [434.6152122131536, 438.01560101429334], "mode": [0, 0], "median": [274.0, 313], "variance": [236280.21604442806, 241716.1026198564], "n_tot": [294030, 294030], "non_zeroes": [291358, 87943], "zeroes": [2672, 206087]}, "box_plot": {"min": [0, 0], "quartile_010": [0, 0], "quartile_025": [0, 0], "median": [274.0, 313], "quartile_075": [705, 705], "quartile_090": [1137, 1137], "max": [3529, 3529]}}, "2019-10": {"frequencies": ["none", "none"], "statistics": {"mean": [312.4658452161101, 305.14035046454194], "mode": [0, 0], "median": [156, 117], "variance": [180022.88506031188, 157387.97717290252], "n_tot": [303831, 303831], "non_zeroes": [297279, 42515], "zeroes": [6552, 261316]}, "box_plot": {"min": [0, 0], "quartile_010": [0, 0], "quartile_025": [0, 0], "median": [156, 117], "quartile_075": [470, 509], "quartile_090": [823, 901], "max": [4705, 2352]}}, "2019-11": {"frequencies": ["none", "none"], "statistics": {"mean": [1548.459474415677, -1], "mode": [0, -1], "median": [980, -1], "variance": [3860256.1234632777, -1], "n_tot": [294030, 294030], "non_zeroes": [236727, 0], "zeroes": [57303, 294030]}, "box_plot": {"min": [0, -1], "quartile_010": [117, -1], "quartile_025": [470, -1], "median": [980, -1], "quartile_075": [1764, -1], "quartile_090": [3333, -1], "max": [10000, -1]}}, "2019-12": {"frequencies": ["none", "none"], "statistics": {"mean": [5849.73675, -1], "mode": [10000, -1], "median": [5764.0, -1], "variance": [6866286.994197987, -1], "n_tot": [303831, 303831], "non_zeroes": [4000, 0], "zeroes": [299831, 303831]}, "box_plot": {"min": [0, -1], "quartile_010": [2431, -1], "quartile_025": [3647, -1], "median": [5764.0, -1], "quartile_075": [8078, -1], "quartile_090": [9960, -1], "max": [10000, -1]}}, "2020-01": {"frequencies": ["none", "none"], "statistics": {"mean": [2195.13214557984, -1], "mode": [0, -1], "median": [1843, -1], "variance": [2408242.8874165434, -1], "n_tot": [303831, 303831], "non_zeroes": [166589, 0], "zeroes": [137242, 303831]}, "box_plot": {"min": [0, -1], "quartile_010": [823, -1], "quartile_025": [1294, -1], "median": [1843, -1], "quartile_075": [2627, -1], "quartile_090": [4078, -1], "max": [10000, -1]}}, "2020-02": {"frequencies": ["none", "none"], "statistics": {"mean": [603.61533730705, 317.26906463519987], "mode": [392, 0], "median": [470, 313], "variance": [251433.27171799674, 48662.722879566456], "n_tot": [284229, 284229], "non_zeroes": [279671, 38199], "zeroes": [4558, 246030]}, "box_plot": {"min": [0, 0], "quartile_010": [117, 39], "quartile_025": [274, 156], "median": [470, 313], "quartile_075": [784, 431], "quartile_090": [1254, 588], "max": [3803, 1921]}}, "2020-03": {"frequencies": ["none", "none"], "statistics": {"mean": [456.6868004586777, 332.05720305504343], "mode": [0, 0], "median": [352, 313.0], "variance": [248319.40551765673, 40175.032836128536], "n_tot": [303831, 303831], "non_zeroes": [302609, 37970], "zeroes": [1222, 265861]}, "box_plot": {"min": [0, 0], "quartile_010": [39, 39], "quartile_025": [196, 196], "median": [352, 313.0], "quartile_075": [588, 470], "quartile_090": [862, 588], "max": [5686, 941]}}, "2020-04": {"frequencies": ["none", "none"], "statistics": {"mean": [244.52844899822193, 255.33162418941336], "mode": [0, 0], "median": [196.0, 235], "variance": [47833.02035545689, 39397.91842324666], "n_tot": [294030, 294030], "non_zeroes": [293578, 19893], "zeroes": [452, 274137]}, "box_plot": {"min": [0, 0], "quartile_010": [0, 0], "quartile_025": [39, 78], "median": [196.0, 235], "quartile_075": [392, 392], "quartile_090": [549, 549], "max": [1647, 1058]}}, "2020-05": {"frequencies": ["none", "none"], "statistics": {"mean": [395.4792122018436, 618.0679261404092], "mode": [0, 0], "median": [313.0, 509], "variance": [182694.9796997544, 287562.51874098985], "n_tot": [303831, 303831], "non_zeroes": [294644, 21067], "zeroes": [9187, 282764]}, "box_plot": {"min": [0, 0], "quartile_010": [0, 0], "quartile_025": [117, 156], "median": [313.0, 509], "quartile_075": [549, 980], "quartile_090": [823, 1372], "max": [10000, 3019]}}, "2020-06": {"frequencies": ["none", "none"], "statistics": {"mean": [627.8342670111972, 787.8196745322654], "mode": [0, 0],