{"2019-01": {"frequencies": ["none", "none"], "statistics": {"mean": [-1, -1], "mode": [-1, -1], "median": [-1, -1], "variance": [-1, -1], "n_tot": [24304, 24304], "non_zeroes": [0, 0], "zeroes": [24304, 24304]}, "box_plot": {"min": [-1, -1], "quartile_010": [-1, -1], "quartile_025": [-1, -1], "median": [-1, -1], "quartile_075": [-1, -1], "quartile_090": [-1, -1], "max": [-1, -1]}}, "2019-02": {"frequencies": ["none", "none"], "statistics": {"mean": [3716.7637331032497, 2971.965034965035], "mode": [3921, 3019], "median": [3764.0, 3019], "variance": [141378.28689968196, 3361.3438392593325], "n_tot": [21952, 21952], "non_zeroes": [6954, 143], "zeroes": [14998, 21809]}, "box_plot": {"min": [2901, 2901], "quartile_010": [3098, 2901], "quartile_025": [3529, 2901], "median": [3764.0, 3019], "quartile_075": [3960, 3019], "quartile_090": [4078, 3019], "max": [5019, 3019]}}, "2019-03": {"frequencies": ["none", "none"], "statistics": {"mean": [3846.348326144999, 3874.7098585223443], "mode": [3882, 4039], "median": [3882.0, 3960.0], "variance": [62805.578072165976, 74701.94231043478], "n_tot": [24304, 24304], "non_zeroes": [19476, 8906], "zeroes": [4828, 15398]}, "box_plot": {"min": [3098, 3215], "quartile_010": [3450, 3490], "quartile_025": [3725, 3647], "median": [3882.0, 3960.0], "quartile_075": [4039, 4078], "quartile_090": [4117, 4196], "max": [4392, 4352]}}, "2019-04": {"frequencies": ["none", "none"], "statistics": {"mean": [3699.4040319400633, 3742.0751887695415], "mode": [3490, 3803], "median": [3686.0, 3803], "variance": [42470.643030028456, 46922.909789570294], "n_tot": [23520, 23520], "non_zeroes": [20288, 9403], "zeroes": [3232, 14117]}, "box_plot": {"min": [3215, 3254], "quartile_010": [3411, 3411], "quartile_025": [3529, 3568], "median": [3686.0, 3803], "quartile_075": [3882, 3921], "quartile_090": [3960, 4000], "max": [4156, 4156]}}, "2019-05": {"frequencies": ["none", "none"], "statistics": {"mean": [3268.987797912664, 3199.8730900166256], "mode": [3137, 3137], "median": [3254, 3137], "variance": [89850.25382347645, 58177.90400342808], "n_tot": [24304, 24304], "non_zeroes": [19259, 12631], "zeroes": [5045, 11673]}, "box_plot": {"min": [1725, 2274], "quartile_010": [2941, 2941], "quartile_025": [3058, 3019], "median": [3254, 3137], "quartile_075": [3490, 3372], "quartile_090": [3647, 3529], "max": [4078, 3882]}}, "2019-06": {"frequencies": ["none", "none"], "statistics": {"mean": [2702.704863835033, 2684.6800142500892], "mode": [2666, 2666], "median": [2705.0, 2666], "variance": [92061.08358183352, 61258.555789083446], "n_tot": [23520, 23520], "non_zeroes": [17846, 14035], "zeroes": [5674, 9485]}, "box_plot": {"min": [1568, 2039], "quartile_010": [2313, 2352], "quartile_025": [2549, 2549], "median": [2705.0, 2666], "quartile_075": [2901, 2823], "quartile_090": [3098, 3019], "max": [3568, 3411]}}, "2019-07": {"frequencies": ["none", "none"], "statistics": {"mean": [3046.514850903968, 2985.537156463935], "mode": [3058, 2862], "median": [3019.0, 2941], "variance": [136546.66036059413, 91028.94342477717], "n_tot": [24304, 24304], "non_zeroes": [17036, 10079], "zeroes": [7268, 14225]}, "box_plot": {"min": [2078, 2078], "quartile_010": [2666, 2627], "quartile_025": [2823, 2823], "median": [3019.0, 2941], "quartile_075": [3176, 3176], "quartile_090": [3529, 3372], "max": [4549, 3803]}}, "2019-08": {"frequencies": ["none", "none"], "statistics": {"mean": [3334.7925461343625, 3402.076859160781], "mode": [3529, 3294], "median": [3333.0, 3411], "variance": [70526.29204262121, 61082.88398104789], "n_tot": [24304, 24304], "non_zeroes": [16582, 7221], "zeroes": [7722, 17083]}, "box_plot": {"min": [2392, 2588], "quartile_010": [3019, 3176], "quartile_025": [3176, 3294], "median": [3333.0, 3411], "quartile_075": [3529, 3568], "quartile_090": [3647, 3686], "max": [4039, 4039]}}, "2019-09": {"frequencies": ["none", "none"], "statistics": {"mean": [3259.8152463382157, 3271.3648321218416], "mode": [3254, 3215], "median": [3254.0, 3254], "variance": [64148.541018160475, 57481.599510850036], "n_tot": [23520, 23520], "non_zeroes": [18024, 14445], "zeroes": [5496, 9075]}, "box_plot": {"min": [2039, 2039], "quartile_010": [2941, 2980], "quartile_025": [3137, 3137], "median": [3254.0, 3254], "quartile_075": [3411, 3411], "quartile_090": [3568, 3568], "max": [3960, 3960]}}, "2019-10": {"frequencies": ["none", "none"], "statistics": {"mean": [3194.4845708267508, 3192.405293005671], "mode": [3215, 3215], "median": [3215, 3215], "variance": [39133.08062877882, 21273.852316905417], "n_tot": [24304, 24304], "non_zeroes": [9495, 2645], "zeroes": [14809, 21659]}, "box_plot": {"min": [2431, 2823], "quartile_010": [2941, 2941], "quartile_025": [3098, 3098], "median": [3215, 3215], "quartile_075": [3294, 3294], "quartile_090": [3411, 3372], "max": [4392, 3490]}}, "2019-11": {"frequencies": ["none", "none"], "statistics": {"mean": [-1, -1], "mode": [-1, -1], "median": [-1, -1], "variance": [-1, -1], "n_tot": [23520, 23520], "non_zeroes": [0, 0], "zeroes": [23520, 23520]}, "box_plot": {"min": [-1, -1], "quartile_010": [-1, -1], "quartile_025": [-1, -1], "median": [-1, -1], "quartile_075": [-1, -1], "quartile_090": [-1, -1], "max": [-1, -1]}}, "2019-12": {"frequencies": ["none", "none"], "statistics": {"mean": [-1, -1], "mode": [-1, -1], "median": [-1, -1], "variance": [-1, -1], "n_tot": [24304, 24304], "non_zeroes": [0, 0], "zeroes": [24304, 24304]}, "box_plot": {"min": [-1, -1], "quartile_010": [-1, -1], "quartile_025": [-1, -1], "median": [-1, -1], "quartile_075": [-1, -1], "quartile_090": [-1, -1], "max": [-1, -1]}}, "2020-01": {"frequencies": ["none", "none"], "statistics": {"mean": [-1, -1], "mode": [-1, -1], "median": [-1, -1], "variance": [-1, -1], "n_tot": [24304, 24304], "non_zeroes": [0, 0], "zeroes": [24304, 24304]}, "box_plot": {"min": [-1, -1], "quartile_010": [-1, -1], "quartile_025": [-1, -1], "median": [-1, -1], "quartile_075": [-1, -1], "quartile_090": [-1, -1], "max": [-1, -1]}}, "2020-02": {"frequencies": ["none", "none"], "statistics": {"mean": [4032.361021069692, -1], "mode": [4117, -1], "median": [4039.0, -1], "variance": [20159.57905986906, -1], "n_tot": [22736, 22736], "non_zeroes": [4936, 0], "zeroes": [17800, 22736]}, "box_plot": {"min": [3725, -1], "quartile_010": [3843, -1], "quartile_025": [3921, -1], "median": [4039.0, -1], "quartile_075": [4117, -1], "quartile_090": [4235, -1], "max": [4352, -1]}}, "2020-03": {"frequencies": ["none", "none"], "statistics": {"mean": [3859.900397804522, 3831.244744058501], "mode": [3607, 3607], "median": [3882, 3803.0], "variance": [82255.8903709768, 80898.70572028645], "n_tot": [24304, 24304], "non_zeroes": [19859, 8752], "zeroes": [4445, 15552]}, "box_plot": {"min": [3058, 3137], "quartile_010": [3529, 3529], "quartile_025": [3607, 3607], "median": [3882, 3803.0], "quartile_075": [4039, 4039], "quartile_090": [4274, 4196], "max": [4784, 4784]}}, "2020-04": {"frequencies": ["none", "none"], "statistics": {"mean": [3935.1173334713526, 3980.412997903564], "mode": [4000, 4039], "median": [3960, 3960.0], "variance": [59047.99725698864, 56717.968938062135], "n_tot": [23520, 23520], "non_zeroes": [19321, 10494], "zeroes": [4199, 13026]}, "box_plot": {"min": [3254, 3333], "quartile_010": [3647, 3686], "quartile_025": [3764, 3843], "median": [3960, 3960.0], "quartile_075": [4078, 4078], "quartile_090": [4235, 4352], "max": [4666, 4666]}}, "2020-05": {"frequencies": ["none", "none"], "statistics": {"mean": [3391.8266498436556, 3322.8783904137317], "mode": [3215, 3215], "median": [3372, 3294], "variance": [112276.48958818882, 89249.17031112562], "n_tot": [24304, 24304], "non_zeroes": [18229, 12351], "zeroes": [6075, 11953]}, "box_plot": {"min": [2627, 2627], "quartile_010": [2941, 2901], "quartile_025": [3176, 3137], "median": [3372, 3294], "quartile_075": [3607, 3529], "quartile_090": [3882, 3764], "max": [4352, 4156]}}, "2020-06": {"frequencies": ["none", "none"], "statistics": {"mean": [2653.739281747501, 2678.67437830344],