{"2019-01": {"frequencies": ["none", "none"], "statistics": {"mean": [-1, -1], "mode": [-1, -1], "median": [-1, -1], "variance": [-1, -1], "n_tot": [24304, 24304], "non_zeroes": [0, 0], "zeroes": [24304, 24304]}, "box_plot": {"min": [-1, -1], "quartile_010": [-1, -1], "quartile_025": [-1, -1], "median": [-1, -1], "quartile_075": [-1, -1], "quartile_090": [-1, -1], "max": [-1, -1]}}, "2019-02": {"frequencies": ["none", "none"], "statistics": {"mean": [3133.804049211658, -1], "mode": [10000, -1], "median": [1843.0, -1], "variance": [10767527.49328588, -1], "n_tot": [21952, 21952], "non_zeroes": [16744, 0], "zeroes": [5208, 21952]}, "box_plot": {"min": [0, -1], "quartile_010": [78, -1], "quartile_025": [549, -1], "median": [1843.0, -1], "quartile_075": [4901, -1], "quartile_090": [10000, -1], "max": [10000, -1]}}, "2019-03": {"frequencies": ["none", "none"], "statistics": {"mean": [967.6178722280887, -1], "mode": [0, -1], "median": [784.0, -1], "variance": [559001.8217195538, -1], "n_tot": [24304, 24304], "non_zeroes": [22728, 0], "zeroes": [1576, 24304]}, "box_plot": {"min": [0, -1], "quartile_010": [196, -1], "quartile_025": [431, -1], "median": [784.0, -1], "quartile_075": [1333, -1], "quartile_090": [1843, -1], "max": [5019, -1]}}, "2019-04": {"frequencies": ["none", "none"], "statistics": {"mean": [134.80161698383017, -1], "mode": [0, -1], "median": [0.0, -1], "variance": [116253.15898093948, -1], "n_tot": [23520, 23520], "non_zeroes": [18182, 0], "zeroes": [5338, 23520]}, "box_plot": {"min": [0, -1], "quartile_010": [0, -1], "quartile_025": [0, -1], "median": [0.0, -1], "quartile_075": [78, -1], "quartile_090": [431, -1], "max": [2156, -1]}}, "2019-05": {"frequencies": ["none", "none"], "statistics": {"mean": [105.81334365058895, 0], "mode": [0, 0], "median": [0.0, 0.0], "variance": [128466.8531678832, 0], "n_tot": [24304, 24304], "non_zeroes": [23262, 404], "zeroes": [1042, 23900]}, "box_plot": {"min": [0, 0], "quartile_010": [0, 0], "quartile_025": [0, 0], "median": [0.0, 0.0], "quartile_075": [0, 0], "quartile_090": [274, 0], "max": [3019, 0]}}, "2019-06": {"frequencies": ["none", "none"], "statistics": {"mean": [68.7710987091552, 15.99079754601227], "mode": [0, 0], "median": [0, 0.0], "variance": [52929.87879658164, 1473.6447463438221], "n_tot": [23520, 23520], "non_zeroes": [23473, 978], "zeroes": [47, 22542]}, "box_plot": {"min": [0, 0], "quartile_010": [0, 0], "quartile_025": [0, 0], "median": [0, 0.0], "quartile_075": [0, 0], "quartile_090": [196, 78], "max": [1960, 156]}}, "2019-07": {"frequencies": ["none", "none"], "statistics": {"mean": [225.9007808911346, 307.8503062787136], "mode": [0, 0], "median": [0, 0.0], "variance": [336141.50556482904, 455488.0357915968], "n_tot": [24304, 24304], "non_zeroes": [23947, 5224], "zeroes": [357, 19080]}, "box_plot": {"min": [0, 0], "quartile_010": [0, 0], "quartile_025": [0, 0], "median": [0, 0.0], "quartile_075": [235, 0], "quartile_090": [745, 1450], "max": [10000, 2980]}}, "2019-08": {"frequencies": ["none", "none"], "statistics": {"mean": [82.49110627098648, 30.242252762058744], "mode": [0, 0], "median": [0.0, 0], "variance": [58648.40476275487, 22090.665556540942], "n_tot": [24304, 24304], "non_zeroes": [22038, 3711], "zeroes": [2266, 20593]}, "box_plot": {"min": [0, 0], "quartile_010": [0, 0], "quartile_025": [0, 0], "median": [0.0, 0], "quartile_075": [0, 0], "quartile_090": [352, 0], "max": [1411, 1058]}}, "2019-09": {"frequencies": ["none", "none"], "statistics": {"mean": [687.7841228019932, 557.094249201278], "mode": [0, 666], "median": [588, 509.0], "variance": [469589.4491556215, 162126.36521070683], "n_tot": [23520, 23520], "non_zeroes": [17459, 1252], "zeroes": [6061, 22268]}, "box_plot": {"min": [0, 0], "quartile_010": [0, 78], "quartile_025": [156, 235], "median": [588, 509.0], "quartile_075": [1019, 666], "quartile_090": [1450, 1019], "max": [6235, 1921]}}, "2019-10": {"frequencies": ["none", "none"], "statistics": {"mean": [855.5868225826732, 690.0966666666667], "mode": [0, 0], "median": [549, 627.0], "variance": [1169876.995091668, 251819.2849386845], "n_tot": [24304, 24304], "non_zeroes": [23859, 300], "zeroes": [445, 24004]}, "box_plot": {"min": [0, 0], "quartile_010": [0, 0], "quartile_025": [39, 431], "median": [549, 627.0], "quartile_075": [1137, 862], "quartile_090": [2196, 1529], "max": [8352, 1843]}}, "2019-11": {"frequencies": ["none", "none"], "statistics": {"mean": [4937.561251086012, -1], "mode": [10000, -1], "median": [3019, -1], "variance": [14355092.717766782, -1], "n_tot": [23520, 23520], "non_zeroes": [1151, 0], "zeroes": [22369, 23520]}, "box_plot": {"min": [0, -1], "quartile_010": [941, -1], "quartile_025": [1843, -1], "median": [3019, -1], "quartile_075": [10000, -1], "quartile_090": [10000, -1], "max": [10000, -1]}}, "2019-12": {"frequencies": ["none", "none"], "statistics": {"mean": [-1, -1], "mode": [-1, -1], "median": [-1, -1], "variance": [-1, -1], "n_tot": [24304, 24304], "non_zeroes": [0, 0], "zeroes": [24304, 24304]}, "box_plot": {"min": [-1, -1], "quartile_010": [-1, -1], "quartile_025": [-1, -1], "median": [-1, -1], "quartile_075": [-1, -1], "quartile_090": [-1, -1], "max": [-1, -1]}}, "2020-01": {"frequencies": ["none", "none"], "statistics": {"mean": [-1, -1], "mode": [-1, -1], "median": [-1, -1], "variance": [-1, -1], "n_tot": [24304, 24304], "non_zeroes": [0, 0], "zeroes": [24304, 24304]}, "box_plot": {"min": [-1, -1], "quartile_010": [-1, -1], "quartile_025": [-1, -1], "median": [-1, -1], "quartile_075": [-1, -1], "quartile_090": [-1, -1], "max": [-1, -1]}}, "2020-02": {"frequencies": ["none", "none"], "statistics": {"mean": [3692.0620863536087, -1], "mode": [10000, -1], "median": [2470, -1], "variance": [11365358.858285738, -1], "n_tot": [22736, 22736], "non_zeroes": [15865, 0], "zeroes": [6871, 22736]}, "box_plot": {"min": [0, -1], "quartile_010": [313, -1], "quartile_025": [901, -1], "median": [2470, -1], "quartile_075": [5803, -1], "quartile_090": [10000, -1], "max": [10000, -1]}}, "2020-03": {"frequencies": ["none", "none"], "statistics": {"mean": [697.0381040892194, 1024.7], "mode": [0, 509], "median": [352.0, 1019.0], "variance": [1313951.0808473744, 128159.55630252101], "n_tot": [24304, 24304], "non_zeroes": [21520, 120], "zeroes": [2784, 24184]}, "box_plot": {"min": [0, 509], "quartile_010": [0, 509], "quartile_025": [0, 980], "median": [352.0, 1019.0], "quartile_075": [862, 1098], "quartile_090": [1764, 1529], "max": [10000, 1529]}}, "2020-04": {"frequencies": ["none", "none"], "statistics": {"mean": [624.110717299578, -1], "mode": [0, -1], "median": [196, -1], "variance": [823635.7841852343, -1], "n_tot": [23520, 23520], "non_zeroes": [17775, 0], "zeroes": [5745, 23520]}, "box_plot": {"min": [0, -1], "quartile_010": [0, -1], "quartile_025": [0, -1], "median": [196, -1], "quartile_075": [1058, -1], "quartile_090": [1647, -1], "max": [10000, -1]}}, "2020-05": {"frequencies": ["none", "none"], "statistics": {"mean": [135.3122075896725, 1.0576271186440678], "mode": [0, 0], "median": [0.0, 0], "variance": [155121.3795832388, 164.4286406087859], "n_tot": [24304, 24304], "non_zeroes": [23084, 295], "zeroes": [1220, 24009]}, "box_plot": {"min": [0, 0], "quartile_010": [0, 0], "quartile_025": [0, 0], "median": [0.0, 0], "quartile_075": [0, 0], "quartile_090": [549, 0], "max": [8392, 156]}}, "2020-06": {"frequencies": ["none", "none"], "statistics": {"mean": [121.47706108500641, 39.569457510191285], "mode": [0, 0], "median": [0.0, 0], "variance": [142679.0196156095, 13716.828690452161], "n_tot": [23520, 23520], "non_zeroes": [23410, 3189], "zeroes": [110, 20331]}, "box_plot": {"min": [0, 0], "quartile_010": [0, 0], "quartile_025": [0, 0], "median": [0.0, 0], "quartile_075": [0, 0], "quartile_090": [313, 196], "max": [2549, 784]}}, "2020-07": {"frequencies": ["none", "none"], "statistics": {"mean": [159.66531791907514, 125.48582121779185], "mode": [0, 0], "median": [0.0, 0], "variance": [231990.62707242463, 87240.70534889],