{"2019-01": {"frequencies": ["none", "none"], "statistics": {"mean": [-1, -1], "mode": [-1, -1], "median": [-1, -1], "variance": [-1, -1], "n_tot": [24304, 24304], "non_zeroes": [0, 0], "zeroes": [24304, 24304]}, "box_plot": {"min": [-1, -1], "quartile_010": [-1, -1], "quartile_025": [-1, -1], "median": [-1, -1], "quartile_075": [-1, -1], "quartile_090": [-1, -1], "max": [-1, -1]}}, "2019-02": {"frequencies": ["none", "none"], "statistics": {"mean": [453.1265961327982, 802.1655629139073], "mode": [0, 0], "median": [0.0, 0.0], "variance": [2988101.8891074127, 853010.756551011], "n_tot": [21952, 21952], "non_zeroes": [10964, 302], "zeroes": [10988, 21650]}, "box_plot": {"min": [0, 0], "quartile_010": [0, 0], "quartile_025": [0, 0], "median": [0.0, 0.0], "quartile_075": [0, 1294], "quartile_090": [431, 2509], "max": [10000, 2509]}}, "2019-03": {"frequencies": ["none", "none"], "statistics": {"mean": [507.7985544217687, 366.3855249284531], "mode": [0, 0], "median": [0.0, 0.0], "variance": [1755835.5831264446, 718317.6512388259], "n_tot": [24304, 24304], "non_zeroes": [23520, 13278], "zeroes": [784, 11026]}, "box_plot": {"min": [0, 0], "quartile_010": [0, 0], "quartile_025": [0, 0], "median": [0.0, 0.0], "quartile_075": [431, 392], "quartile_090": [1294, 1176], "max": [10000, 10000]}}, "2019-04": {"frequencies": ["none", "none"], "statistics": {"mean": [315.0716644649934, 372.08901235967795], "mode": [0, 0], "median": [0.0, 0], "variance": [913899.7784275261, 596800.2616381603], "n_tot": [23520, 23520], "non_zeroes": [18168, 8819], "zeroes": [5352, 14701]}, "box_plot": {"min": [0, 0], "quartile_010": [0, 0], "quartile_025": [0, 0], "median": [0.0, 0], "quartile_075": [156, 431], "quartile_090": [862, 1019], "max": [10000, 6509]}}, "2019-05": {"frequencies": ["none", "none"], "statistics": {"mean": [297.71496598639453, 353.6736039739637], "mode": [0, 0], "median": [0.0, 0.0], "variance": [377917.18411207845, 466395.2413794214], "n_tot": [24304, 24304], "non_zeroes": [23520, 11676], "zeroes": [784, 12628]}, "box_plot": {"min": [0, 0], "quartile_010": [0, 0], "quartile_025": [0, 0], "median": [0.0, 0.0], "quartile_075": [352, 470], "quartile_090": [941, 1058], "max": [5333, 5333]}}, "2019-06": {"frequencies": ["none", "none"], "statistics": {"mean": [857.4014030612245, 872.7246483180428], "mode": [0, 0], "median": [39.0, 78], "variance": [2662828.8006868362, 2283114.563638777], "n_tot": [23520, 23520], "non_zeroes": [23520, 8175], "zeroes": [0, 15345]}, "box_plot": {"min": [0, 0], "quartile_010": [0, 0], "quartile_025": [0, 0], "median": [39.0, 78], "quartile_075": [1019, 1294], "quartile_090": [2588, 2588], "max": [10000, 10000]}}, "2019-07": {"frequencies": ["none", "none"], "statistics": {"mean": [300.99008393680054, 275.7513353115727], "mode": [0, 0], "median": [0.0, 0], "variance": [513144.33562153764, 272755.17460001714], "n_tot": [24304, 24304], "non_zeroes": [24304, 5055], "zeroes": [0, 19249]}, "box_plot": {"min": [0, 0], "quartile_010": [0, 0], "quartile_025": [0, 0], "median": [0.0, 0], "quartile_075": [352, 313], "quartile_090": [862, 862], "max": [9725, 3568]}}, "2019-08": {"frequencies": ["none", "none"], "statistics": {"mean": [1018.1431154088712, 836.9683698296838], "mode": [0, 0], "median": [0, 117.0], "variance": [4781434.278457583, 1989885.954153191], "n_tot": [24304, 24304], "non_zeroes": [23785, 5754], "zeroes": [519, 18550]}, "box_plot": {"min": [0, 0], "quartile_010": [0, 0], "quartile_025": [0, 0], "median": [0, 117.0], "quartile_075": [901, 1098], "quartile_090": [3372, 3176], "max": [10000, 8509]}}, "2019-09": {"frequencies": ["none", "none"], "statistics": {"mean": [306.5644352568614, 187.4434215573456], "mode": [0, 0], "median": [0.0, 0], "variance": [483344.2876447041, 121723.46294297176], "n_tot": [23520, 23520], "non_zeroes": [22736, 7821], "zeroes": [784, 15699]}, "box_plot": {"min": [0, 0], "quartile_010": [0, 0], "quartile_025": [0, 0], "median": [0.0, 0], "quartile_075": [352, 274], "quartile_090": [862, 627], "max": [8901, 2823]}}, "2019-10": {"frequencies": ["none", "none"], "statistics": {"mean": [1083.7802559609156, 958.4666666666667], "mode": [0, 0], "median": [0, 78.0], "variance": [4857516.556808241, 2111683.5381794367], "n_tot": [24304, 24304], "non_zeroes": [18831, 510], "zeroes": [5473, 23794]}, "box_plot": {"min": [0, 0], "quartile_010": [0, 0], "quartile_025": [0, 0], "median": [0, 78.0], "quartile_075": [1215, 1529], "quartile_090": [3607, 3725], "max": [10000, 4313]}}, "2019-11": {"frequencies": ["none", "none"], "statistics": {"mean": [-1, -1], "mode": [-1, -1], "median": [-1, -1], "variance": [-1, -1], "n_tot": [23520, 23520], "non_zeroes": [0, 0], "zeroes": [23520, 23520]}, "box_plot": {"min": [-1, -1], "quartile_010": [-1, -1], "quartile_025": [-1, -1], "median": [-1, -1], "quartile_075": [-1, -1], "quartile_090": [-1, -1], "max": [-1, -1]}}, "2019-12": {"frequencies": ["none", "none"], "statistics": {"mean": [-1, -1], "mode": [-1, -1], "median": [-1, -1], "variance": [-1, -1], "n_tot": [24304, 24304], "non_zeroes": [0, 0], "zeroes": [24304, 24304]}, "box_plot": {"min": [-1, -1], "quartile_010": [-1, -1], "quartile_025": [-1, -1], "median": [-1, -1], "quartile_075": [-1, -1], "quartile_090": [-1, -1], "max": [-1, -1]}}, "2020-01": {"frequencies": ["none", "none"], "statistics": {"mean": [-1, -1], "mode": [-1, -1], "median": [-1, -1], "variance": [-1, -1], "n_tot": [24304, 24304], "non_zeroes": [0, 0], "zeroes": [24304, 24304]}, "box_plot": {"min": [-1, -1], "quartile_010": [-1, -1], "quartile_025": [-1, -1], "median": [-1, -1], "quartile_075": [-1, -1], "quartile_090": [-1, -1], "max": [-1, -1]}}, "2020-02": {"frequencies": ["none", "none"], "statistics": {"mean": [895.3361527967257, -1], "mode": [0, -1], "median": [0, -1], "variance": [5358412.916825474, -1], "n_tot": [22736, 22736], "non_zeroes": [10995, 0], "zeroes": [11741, 22736]}, "box_plot": {"min": [0, -1], "quartile_010": [0, -1], "quartile_025": [0, -1], "median": [0, -1], "quartile_075": [352, -1], "quartile_090": [2549, -1], "max": [10000, -1]}}, "2020-03": {"frequencies": ["none", "none"], "statistics": {"mean": [600.8427721088435, 520.076496745505], "mode": [0, 0], "median": [0.0, 0], "variance": [1861408.4049734792, 1596445.8863236893], "n_tot": [24304, 24304], "non_zeroes": [23520, 15517], "zeroes": [784, 8787]}, "box_plot": {"min": [0, 0], "quartile_010": [0, 0], "quartile_025": [0, 0], "median": [0.0, 0], "quartile_075": [588, 509], "quartile_090": [1686, 1333], "max": [10000, 10000]}}, "2020-04": {"frequencies": ["none", "none"], "statistics": {"mean": [388.4991126885537, 138.12872986532875], "mode": [0, 0], "median": [0.0, 0.0], "variance": [913273.3520040931, 91786.53287843408], "n_tot": [23520, 23520], "non_zeroes": [18032, 7574], "zeroes": [5488, 15946]}, "box_plot": {"min": [0, 0], "quartile_010": [0, 0], "quartile_025": [0, 0], "median": [0.0, 0.0], "quartile_075": [274, 196], "quartile_090": [1215, 352], "max": [10000, 2745]}}, "2020-05": {"frequencies": ["none", "none"], "statistics": {"mean": [348.5741115411682, 393.4384318981404], "mode": [0, 0], "median": [0.0, 0.0], "variance": [424244.9027104488, 580244.7900852346], "n_tot": [24304, 24304], "non_zeroes": [22736, 11938], "zeroes": [1568, 12366]}, "box_plot": {"min": [0, 0], "quartile_010": [0, 0], "quartile_025": [0, 0], "median": [0.0, 0.0], "quartile_075": [509, 588], "quartile_090": [1058, 1176], "max": [8000, 8000]}}, "2020-06": {"frequencies": ["none", "none"], "statistics": {"mean": [802.86768707483, 944.7940750135895], "mode": [0, 0], "median": [39.0, 156.0], "variance": [2065776.0787551417, 2631367.212732854], "n_tot": [23520, 23520], "non_zeroes": [23520, 11038], "zeroes": [0, 12482]}, "box_plot": {"min": [0, 0], "quartile_010": [0, 0], "quartile_025": [0, 0], "median": [39.0, 156.0], "quartile_075": [1098, 1254], "quartile_090": [2549, 2901], "max": [10000, 10000]}}, "2020-07": {"frequencies": ["none", "none"],